1,2,3,4,5,6,7,8,9,10,class
0,0,0,0,0,0,0,0,0,0,'00'
0,0,0,0,0,0,0,0,0,1,'00'
0,0,0,0,0,0,0,0,1,0,'00'
0,0,0,0,0,0,0,0,1,1,'00'
0,0,0,0,0,0,0,1,0,0,'00'
0,0,0,0,0,0,0,1,0,1,'00'
0,0,0,0,0,0,0,1,1,0,'00'
0,0,0,0,0,0,0,1,1,1,'00'
0,0,0,0,0,0,1,0,0,0,'00'
0,0,0,0,0,0,1,0,0,1,'00'
0,0,0,0,0,0,1,0,1,0,'00'
0,0,0,0,0,0,1,0,1,1,'00'
0,0,0,0,0,0,1,1,0,0,'00'
0,0,0,0,0,0,1,1,0,1,'00'
0,0,0,0,0,0,1,1,1,0,'00'
0,0,0,0,0,0,1,1,1,1,'00'
0,0,0,0,0,1,0,0,0,0,'00'
0,0,0,0,0,1,0,0,0,1,'00'
0,0,0,0,0,1,0,0,1,0,'00'
0,0,0,0,0,1,0,0,1,1,'00'
0,0,0,0,0,1,0,1,0,0,'00'
0,0,0,0,0,1,0,1,0,1,'00'
0,0,0,0,0,1,0,1,1,0,'00'
0,0,0,0,0,1,0,1,1,1,'00'
0,0,0,0,0,1,1,0,0,0,'00'
0,0,0,0,0,1,1,0,0,1,'00'
0,0,0,0,0,1,1,0,1,0,'00'
0,0,0,0,0,1,1,0,1,1,'00'
0,0,0,0,0,1,1,1,0,0,'00'
0,0,0,0,0,1,1,1,0,1,'00'
0,0,0,0,0,1,1,1,1,0,'00'
0,0,0,0,0,1,1,1,1,1,'00'
0,0,0,0,1,0,0,0,0,0,'00'
0,0,0,0,1,0,0,0,0,1,'00'
0,0,0,0,1,0,0,0,1,0,'00'
0,0,0,0,1,0,0,0,1,1,'00'
0,0,0,0,1,0,0,1,0,0,'00'
0,0,0,0,1,0,0,1,0,1,'00'
0,0,0,0,1,0,0,1,1,0,'00'
0,0,0,0,1,0,0,1,1,1,'00'
0,0,0,0,1,0,1,0,0,0,'00'
0,0,0,0,1,0,1,0,0,1,'00'
0,0,0,0,1,0,1,0,1,0,'00'
0,0,0,0,1,0,1,0,1,1,'00'
0,0,0,0,1,0,1,1,0,0,'00'
0,0,0,0,1,0,1,1,0,1,'00'
0,0,0,0,1,0,1,1,1,0,'00'
0,0,0,0,1,0,1,1,1,1,'00'
0,0,0,0,1,1,0,0,0,0,'00'
0,0,0,0,1,1,0,0,0,1,'00'
0,0,0,0,1,1,0,0,1,0,'00'
0,0,0,0,1,1,0,0,1,1,'00'
0,0,0,0,1,1,0,1,0,0,'00'
0,0,0,0,1,1,0,1,0,1,'00'
0,0,0,0,1,1,0,1,1,0,'00'
0,0,0,0,1,1,0,1,1,1,'00'
0,0,0,0,1,1,1,0,0,0,'00'
0,0,0,0,1,1,1,0,0,1,'00'
0,0,0,0,1,1,1,0,1,0,'00'
0,0,0,0,1,1,1,0,1,1,'00'
0,0,0,0,1,1,1,1,0,0,'00'
0,0,0,0,1,1,1,1,0,1,'00'
0,0,0,0,1,1,1,1,1,0,'00'
0,0,0,0,1,1,1,1,1,1,'00'
0,0,0,1,0,0,0,0,0,0,'00'
0,0,0,1,0,0,0,0,0,1,'00'
0,0,0,1,0,0,0,0,1,0,'00'
0,0,0,1,0,0,0,0,1,1,'00'
0,0,0,1,0,0,0,1,0,0,'00'
0,0,0,1,0,0,0,1,0,1,'00'
0,0,0,1,0,0,0,1,1,0,'00'
0,0,0,1,0,0,0,1,1,1,'00'
0,0,0,1,0,0,1,0,0,0,'00'
0,0,0,1,0,0,1,0,0,1,'00'
0,0,0,1,0,0,1,0,1,0,'00'
0,0,0,1,0,0,1,0,1,1,'00'
0,0,0,1,0,0,1,1,0,0,'00'
0,0,0,1,0,0,1,1,0,1,'00'
0,0,0,1,0,0,1,1,1,0,'00'
0,0,0,1,0,0,1,1,1,1,'00'
0,0,0,1,0,1,0,0,0,0,'00'
0,0,0,1,0,1,0,0,0,1,'00'
0,0,0,1,0,1,0,0,1,0,'00'
0,0,0,1,0,1,0,0,1,1,'00'
0,0,0,1,0,1,0,1,0,0,'00'
0,0,0,1,0,1,0,1,0,1,'00'
0,0,0,1,0,1,0,1,1,0,'00'
0,0,0,1,0,1,0,1,1,1,'00'
0,0,0,1,0,1,1,0,0,0,'00'
0,0,0,1,0,1,1,0,0,1,'00'
0,0,0,1,0,1,1,0,1,0,'00'
0,0,0,1,0,1,1,0,1,1,'00'
0,0,0,1,0,1,1,1,0,0,'00'
0,0,0,1,0,1,1,1,0,1,'00'
0,0,0,1,0,1,1,1,1,0,'00'
0,0,0,1,0,1,1,1,1,1,'00'
0,0,0,1,1,0,0,0,0,0,'00'
0,0,0,1,1,0,0,0,0,1,'00'
0,0,0,1,1,0,0,0,1,0,'00'
0,0,0,1,1,0,0,0,1,1,'00'
0,0,0,1,1,0,0,1,0,0,'00'
0,0,0,1,1,0,0,1,0,1,'00'
0,0,0,1,1,0,0,1,1,0,'00'
0,0,0,1,1,0,0,1,1,1,'00'
0,0,0,1,1,0,1,0,0,0,'00'
0,0,0,1,1,0,1,0,0,1,'00'
0,0,0,1,1,0,1,0,1,0,'00'
0,0,0,1,1,0,1,0,1,1,'00'
0,0,0,1,1,0,1,1,0,0,'00'
0,0,0,1,1,0,1,1,0,1,'00'
0,0,0,1,1,0,1,1,1,0,'00'
0,0,0,1,1,0,1,1,1,1,'00'
0,0,0,1,1,1,0,0,0,0,'00'
0,0,0,1,1,1,0,0,0,1,'00'
0,0,0,1,1,1,0,0,1,0,'00'
0,0,0,1,1,1,0,0,1,1,'00'
0,0,0,1,1,1,0,1,0,0,'00'
0,0,0,1,1,1,0,1,0,1,'00'
0,0,0,1,1,1,0,1,1,0,'00'
0,0,0,1,1,1,0,1,1,1,'00'
0,0,0,1,1,1,1,0,0,0,'00'
0,0,0,1,1,1,1,0,0,1,'00'
0,0,0,1,1,1,1,0,1,0,'00'
0,0,0,1,1,1,1,0,1,1,'00'
0,0,0,1,1,1,1,1,0,0,'00'
0,0,0,1,1,1,1,1,0,1,'00'
0,0,0,1,1,1,1,1,1,0,'00'
0,0,0,1,1,1,1,1,1,1,'00'
0,0,1,0,0,0,0,0,0,0,'00'
0,0,1,0,0,0,0,0,0,1,'00'
0,0,1,0,0,0,0,0,1,0,'00'
0,0,1,0,0,0,0,0,1,1,'00'
0,0,1,0,0,0,0,1,0,0,'00'
0,0,1,0,0,0,0,1,0,1,'00'
0,0,1,0,0,0,0,1,1,0,'00'
0,0,1,0,0,0,0,1,1,1,'00'
0,0,1,0,0,0,1,0,0,0,'00'
0,0,1,0,0,0,1,0,0,1,'00'
0,0,1,0,0,0,1,0,1,0,'00'
0,0,1,0,0,0,1,0,1,1,'00'
0,0,1,0,0,0,1,1,0,0,'00'
0,0,1,0,0,0,1,1,0,1,'00'
0,0,1,0,0,0,1,1,1,0,'00'
0,0,1,0,0,0,1,1,1,1,'00'
0,0,1,0,0,1,0,0,0,0,'00'
0,0,1,0,0,1,0,0,0,1,'00'
0,0,1,0,0,1,0,0,1,0,'00'
0,0,1,0,0,1,0,0,1,1,'00'
0,0,1,0,0,1,0,1,0,0,'00'
0,0,1,0,0,1,0,1,0,1,'00'
0,0,1,0,0,1,0,1,1,0,'00'
0,0,1,0,0,1,0,1,1,1,'00'
0,0,1,0,0,1,1,0,0,0,'00'
0,0,1,0,0,1,1,0,0,1,'00'
0,0,1,0,0,1,1,0,1,0,'00'
0,0,1,0,0,1,1,0,1,1,'00'
0,0,1,0,0,1,1,1,0,0,'00'
0,0,1,0,0,1,1,1,0,1,'00'
0,0,1,0,0,1,1,1,1,0,'00'
0,0,1,0,0,1,1,1,1,1,'00'
0,0,1,0,1,0,0,0,0,0,'00'
0,0,1,0,1,0,0,0,0,1,'00'
0,0,1,0,1,0,0,0,1,0,'00'
0,0,1,0,1,0,0,0,1,1,'00'
0,0,1,0,1,0,0,1,0,0,'00'
0,0,1,0,1,0,0,1,0,1,'00'
0,0,1,0,1,0,0,1,1,0,'00'
0,0,1,0,1,0,0,1,1,1,'00'
0,0,1,0,1,0,1,0,0,0,'00'
0,0,1,0,1,0,1,0,0,1,'00'
0,0,1,0,1,0,1,0,1,0,'00'
0,0,1,0,1,0,1,0,1,1,'00'
0,0,1,0,1,0,1,1,0,0,'00'
0,0,1,0,1,0,1,1,0,1,'00'
0,0,1,0,1,0,1,1,1,0,'00'
0,0,1,0,1,0,1,1,1,1,'00'
0,0,1,0,1,1,0,0,0,0,'00'
0,0,1,0,1,1,0,0,0,1,'00'
0,0,1,0,1,1,0,0,1,0,'00'
0,0,1,0,1,1,0,0,1,1,'00'
0,0,1,0,1,1,0,1,0,0,'00'
0,0,1,0,1,1,0,1,0,1,'00'
0,0,1,0,1,1,0,1,1,0,'00'
0,0,1,0,1,1,0,1,1,1,'00'
0,0,1,0,1,1,1,0,0,0,'00'
0,0,1,0,1,1,1,0,0,1,'00'
0,0,1,0,1,1,1,0,1,0,'00'
0,0,1,0,1,1,1,0,1,1,'00'
0,0,1,0,1,1,1,1,0,0,'00'
0,0,1,0,1,1,1,1,0,1,'00'
0,0,1,0,1,1,1,1,1,0,'00'
0,0,1,0,1,1,1,1,1,1,'00'
0,0,1,1,0,0,0,0,0,0,'00'
0,0,1,1,0,0,0,0,0,1,'00'
0,0,1,1,0,0,0,0,1,0,'00'
0,0,1,1,0,0,0,0,1,1,'00'
0,0,1,1,0,0,0,1,0,0,'00'
0,0,1,1,0,0,0,1,0,1,'00'
0,0,1,1,0,0,0,1,1,0,'00'
0,0,1,1,0,0,0,1,1,1,'00'
0,0,1,1,0,0,1,0,0,0,'00'
0,0,1,1,0,0,1,0,0,1,'00'
0,0,1,1,0,0,1,0,1,0,'00'
0,0,1,1,0,0,1,0,1,1,'00'
0,0,1,1,0,0,1,1,0,0,'00'
0,0,1,1,0,0,1,1,0,1,'00'
0,0,1,1,0,0,1,1,1,0,'00'
0,0,1,1,0,0,1,1,1,1,'00'
0,0,1,1,0,1,0,0,0,0,'00'
0,0,1,1,0,1,0,0,0,1,'00'
0,0,1,1,0,1,0,0,1,0,'00'
0,0,1,1,0,1,0,0,1,1,'00'
0,0,1,1,0,1,0,1,0,0,'00'
0,0,1,1,0,1,0,1,0,1,'00'
0,0,1,1,0,1,0,1,1,0,'00'
0,0,1,1,0,1,0,1,1,1,'00'
0,0,1,1,0,1,1,0,0,0,'00'
0,0,1,1,0,1,1,0,0,1,'00'
0,0,1,1,0,1,1,0,1,0,'00'
0,0,1,1,0,1,1,0,1,1,'00'
0,0,1,1,0,1,1,1,0,0,'00'
0,0,1,1,0,1,1,1,0,1,'00'
0,0,1,1,0,1,1,1,1,0,'00'
0,0,1,1,0,1,1,1,1,1,'00'
0,0,1,1,1,0,0,0,0,0,'00'
0,0,1,1,1,0,0,0,0,1,'00'
0,0,1,1,1,0,0,0,1,0,'00'
0,0,1,1,1,0,0,0,1,1,'00'
0,0,1,1,1,0,0,1,0,0,'00'
0,0,1,1,1,0,0,1,0,1,'00'
0,0,1,1,1,0,0,1,1,0,'00'
0,0,1,1,1,0,0,1,1,1,'00'
0,0,1,1,1,0,1,0,0,0,'00'
0,0,1,1,1,0,1,0,0,1,'00'
0,0,1,1,1,0,1,0,1,0,'00'
0,0,1,1,1,0,1,0,1,1,'00'
0,0,1,1,1,0,1,1,0,0,'00'
0,0,1,1,1,0,1,1,0,1,'00'
0,0,1,1,1,0,1,1,1,0,'00'
0,0,1,1,1,0,1,1,1,1,'00'
0,0,1,1,1,1,0,0,0,0,'00'
0,0,1,1,1,1,0,0,0,1,'00'
0,0,1,1,1,1,0,0,1,0,'00'
0,0,1,1,1,1,0,0,1,1,'00'
0,0,1,1,1,1,0,1,0,0,'00'
0,0,1,1,1,1,0,1,0,1,'00'
0,0,1,1,1,1,0,1,1,0,'00'
0,0,1,1,1,1,0,1,1,1,'00'
0,0,1,1,1,1,1,0,0,0,'00'
0,0,1,1,1,1,1,0,0,1,'00'
0,0,1,1,1,1,1,0,1,0,'00'
0,0,1,1,1,1,1,0,1,1,'00'
0,0,1,1,1,1,1,1,0,0,'00'
0,0,1,1,1,1,1,1,0,1,'00'
0,0,1,1,1,1,1,1,1,0,'00'
0,0,1,1,1,1,1,1,1,1,'00'
0,1,0,0,0,0,0,0,0,0,'01'
0,1,0,0,0,0,0,0,0,1,'01'
0,1,0,0,0,0,0,0,1,0,'01'
0,1,0,0,0,0,0,0,1,1,'01'
0,1,0,0,0,0,0,1,0,0,'01'
0,1,0,0,0,0,0,1,0,1,'01'
0,1,0,0,0,0,0,1,1,0,'01'
0,1,0,0,0,0,0,1,1,1,'01'
0,1,0,0,0,0,1,0,0,0,'01'
0,1,0,0,0,0,1,0,0,1,'01'
0,1,0,0,0,0,1,0,1,0,'01'
0,1,0,0,0,0,1,0,1,1,'01'
0,1,0,0,0,0,1,1,0,0,'01'
0,1,0,0,0,0,1,1,0,1,'01'
0,1,0,0,0,0,1,1,1,0,'01'
0,1,0,0,0,0,1,1,1,1,'01'
0,1,0,0,0,1,0,0,0,0,'01'
0,1,0,0,0,1,0,0,0,1,'01'
0,1,0,0,0,1,0,0,1,0,'01'
0,1,0,0,0,1,0,0,1,1,'01'
0,1,0,0,0,1,0,1,0,0,'01'
0,1,0,0,0,1,0,1,0,1,'01'
0,1,0,0,0,1,0,1,1,0,'01'
0,1,0,0,0,1,0,1,1,1,'01'
0,1,0,0,0,1,1,0,0,0,'01'
0,1,0,0,0,1,1,0,0,1,'01'
0,1,0,0,0,1,1,0,1,0,'01'
0,1,0,0,0,1,1,0,1,1,'01'
0,1,0,0,0,1,1,1,0,0,'01'
0,1,0,0,0,1,1,1,0,1,'01'
0,1,0,0,0,1,1,1,1,0,'01'
0,1,0,0,0,1,1,1,1,1,'01'
0,1,0,0,1,0,0,0,0,0,'01'
0,1,0,0,1,0,0,0,0,1,'01'
0,1,0,0,1,0,0,0,1,0,'01'
0,1,0,0,1,0,0,0,1,1,'01'
0,1,0,0,1,0,0,1,0,0,'01'
0,1,0,0,1,0,0,1,0,1,'01'
0,1,0,0,1,0,0,1,1,0,'01'
0,1,0,0,1,0,0,1,1,1,'01'
0,1,0,0,1,0,1,0,0,0,'01'
0,1,0,0,1,0,1,0,0,1,'01'
0,1,0,0,1,0,1,0,1,0,'01'
0,1,0,0,1,0,1,0,1,1,'01'
0,1,0,0,1,0,1,1,0,0,'01'
0,1,0,0,1,0,1,1,0,1,'01'
0,1,0,0,1,0,1,1,1,0,'01'
0,1,0,0,1,0,1,1,1,1,'01'
0,1,0,0,1,1,0,0,0,0,'01'
0,1,0,0,1,1,0,0,0,1,'01'
0,1,0,0,1,1,0,0,1,0,'01'
0,1,0,0,1,1,0,0,1,1,'01'
0,1,0,0,1,1,0,1,0,0,'01'
0,1,0,0,1,1,0,1,0,1,'01'
0,1,0,0,1,1,0,1,1,0,'01'
0,1,0,0,1,1,0,1,1,1,'01'
0,1,0,0,1,1,1,0,0,0,'01'
0,1,0,0,1,1,1,0,0,1,'01'
0,1,0,0,1,1,1,0,1,0,'01'
0,1,0,0,1,1,1,0,1,1,'01'
0,1,0,0,1,1,1,1,0,0,'01'
0,1,0,0,1,1,1,1,0,1,'01'
0,1,0,0,1,1,1,1,1,0,'01'
0,1,0,0,1,1,1,1,1,1,'01'
0,1,0,1,0,0,0,0,0,0,'01'
0,1,0,1,0,0,0,0,0,1,'01'
0,1,0,1,0,0,0,0,1,0,'01'
0,1,0,1,0,0,0,0,1,1,'01'
0,1,0,1,0,0,0,1,0,0,'01'
0,1,0,1,0,0,0,1,0,1,'01'
0,1,0,1,0,0,0,1,1,0,'01'
0,1,0,1,0,0,0,1,1,1,'01'
0,1,0,1,0,0,1,0,0,0,'01'
0,1,0,1,0,0,1,0,0,1,'01'
0,1,0,1,0,0,1,0,1,0,'01'
0,1,0,1,0,0,1,0,1,1,'01'
0,1,0,1,0,0,1,1,0,0,'01'
0,1,0,1,0,0,1,1,0,1,'01'
0,1,0,1,0,0,1,1,1,0,'01'
0,1,0,1,0,0,1,1,1,1,'01'
0,1,0,1,0,1,0,0,0,0,'01'
0,1,0,1,0,1,0,0,0,1,'01'
0,1,0,1,0,1,0,0,1,0,'01'
0,1,0,1,0,1,0,0,1,1,'01'
0,1,0,1,0,1,0,1,0,0,'01'
0,1,0,1,0,1,0,1,0,1,'01'
0,1,0,1,0,1,0,1,1,0,'01'
0,1,0,1,0,1,0,1,1,1,'01'
0,1,0,1,0,1,1,0,0,0,'01'
0,1,0,1,0,1,1,0,0,1,'01'
0,1,0,1,0,1,1,0,1,0,'01'
0,1,0,1,0,1,1,0,1,1,'01'
0,1,0,1,0,1,1,1,0,0,'01'
0,1,0,1,0,1,1,1,0,1,'01'
0,1,0,1,0,1,1,1,1,0,'01'
0,1,0,1,0,1,1,1,1,1,'01'
0,1,0,1,1,0,0,0,0,0,'01'
0,1,0,1,1,0,0,0,0,1,'01'
0,1,0,1,1,0,0,0,1,0,'01'
0,1,0,1,1,0,0,0,1,1,'01'
0,1,0,1,1,0,0,1,0,0,'01'
0,1,0,1,1,0,0,1,0,1,'01'
0,1,0,1,1,0,0,1,1,0,'01'
0,1,0,1,1,0,0,1,1,1,'01'
0,1,0,1,1,0,1,0,0,0,'01'
0,1,0,1,1,0,1,0,0,1,'01'
0,1,0,1,1,0,1,0,1,0,'01'
0,1,0,1,1,0,1,0,1,1,'01'
0,1,0,1,1,0,1,1,0,0,'01'
0,1,0,1,1,0,1,1,0,1,'01'
0,1,0,1,1,0,1,1,1,0,'01'
0,1,0,1,1,0,1,1,1,1,'01'
0,1,0,1,1,1,0,0,0,0,'01'
0,1,0,1,1,1,0,0,0,1,'01'
0,1,0,1,1,1,0,0,1,0,'01'
0,1,0,1,1,1,0,0,1,1,'01'
0,1,0,1,1,1,0,1,0,0,'01'
0,1,0,1,1,1,0,1,0,1,'01'
0,1,0,1,1,1,0,1,1,0,'01'
0,1,0,1,1,1,0,1,1,1,'01'
0,1,0,1,1,1,1,0,0,0,'01'
0,1,0,1,1,1,1,0,0,1,'01'
0,1,0,1,1,1,1,0,1,0,'01'
0,1,0,1,1,1,1,0,1,1,'01'
0,1,0,1,1,1,1,1,0,0,'01'
0,1,0,1,1,1,1,1,0,1,'01'
0,1,0,1,1,1,1,1,1,0,'01'
0,1,0,1,1,1,1,1,1,1,'01'
0,1,1,0,0,0,0,0,0,0,'01'
0,1,1,0,0,0,0,0,0,1,'01'
0,1,1,0,0,0,0,0,1,0,'01'
0,1,1,0,0,0,0,0,1,1,'01'
0,1,1,0,0,0,0,1,0,0,'01'
0,1,1,0,0,0,0,1,0,1,'01'
0,1,1,0,0,0,0,1,1,0,'01'
0,1,1,0,0,0,0,1,1,1,'01'
0,1,1,0,0,0,1,0,0,0,'01'
0,1,1,0,0,0,1,0,0,1,'01'
0,1,1,0,0,0,1,0,1,0,'01'
0,1,1,0,0,0,1,0,1,1,'01'
0,1,1,0,0,0,1,1,0,0,'01'
0,1,1,0,0,0,1,1,0,1,'01'
0,1,1,0,0,0,1,1,1,0,'01'
0,1,1,0,0,0,1,1,1,1,'01'
0,1,1,0,0,1,0,0,0,0,'01'
0,1,1,0,0,1,0,0,0,1,'01'
0,1,1,0,0,1,0,0,1,0,'01'
0,1,1,0,0,1,0,0,1,1,'01'
0,1,1,0,0,1,0,1,0,0,'01'
0,1,1,0,0,1,0,1,0,1,'01'
0,1,1,0,0,1,0,1,1,0,'01'
0,1,1,0,0,1,0,1,1,1,'01'
0,1,1,0,0,1,1,0,0,0,'01'
0,1,1,0,0,1,1,0,0,1,'01'
0,1,1,0,0,1,1,0,1,0,'01'
0,1,1,0,0,1,1,0,1,1,'01'
0,1,1,0,0,1,1,1,0,0,'01'
0,1,1,0,0,1,1,1,0,1,'01'
0,1,1,0,0,1,1,1,1,0,'01'
0,1,1,0,0,1,1,1,1,1,'01'
0,1,1,0,1,0,0,0,0,0,'01'
0,1,1,0,1,0,0,0,0,1,'01'
0,1,1,0,1,0,0,0,1,0,'01'
0,1,1,0,1,0,0,0,1,1,'01'
0,1,1,0,1,0,0,1,0,0,'01'
0,1,1,0,1,0,0,1,0,1,'01'
0,1,1,0,1,0,0,1,1,0,'01'
0,1,1,0,1,0,0,1,1,1,'01'
0,1,1,0,1,0,1,0,0,0,'01'
0,1,1,0,1,0,1,0,0,1,'01'
0,1,1,0,1,0,1,0,1,0,'01'
0,1,1,0,1,0,1,0,1,1,'01'
0,1,1,0,1,0,1,1,0,0,'01'
0,1,1,0,1,0,1,1,0,1,'01'
0,1,1,0,1,0,1,1,1,0,'01'
0,1,1,0,1,0,1,1,1,1,'01'
0,1,1,0,1,1,0,0,0,0,'01'
0,1,1,0,1,1,0,0,0,1,'01'
0,1,1,0,1,1,0,0,1,0,'01'
0,1,1,0,1,1,0,0,1,1,'01'
0,1,1,0,1,1,0,1,0,0,'01'
0,1,1,0,1,1,0,1,0,1,'01'
0,1,1,0,1,1,0,1,1,0,'01'
0,1,1,0,1,1,0,1,1,1,'01'
0,1,1,0,1,1,1,0,0,0,'01'
0,1,1,0,1,1,1,0,0,1,'01'
0,1,1,0,1,1,1,0,1,0,'01'
0,1,1,0,1,1,1,0,1,1,'01'
0,1,1,0,1,1,1,1,0,0,'01'
0,1,1,0,1,1,1,1,0,1,'01'
0,1,1,0,1,1,1,1,1,0,'01'
0,1,1,0,1,1,1,1,1,1,'01'
0,1,1,1,0,0,0,0,0,0,'01'
0,1,1,1,0,0,0,0,0,1,'01'
0,1,1,1,0,0,0,0,1,0,'01'
0,1,1,1,0,0,0,0,1,1,'01'
0,1,1,1,0,0,0,1,0,0,'01'
0,1,1,1,0,0,0,1,0,1,'01'
0,1,1,1,0,0,0,1,1,0,'01'
0,1,1,1,0,0,0,1,1,1,'01'
0,1,1,1,0,0,1,0,0,0,'01'
0,1,1,1,0,0,1,0,0,1,'01'
0,1,1,1,0,0,1,0,1,0,'01'
0,1,1,1,0,0,1,0,1,1,'01'
0,1,1,1,0,0,1,1,0,0,'01'
0,1,1,1,0,0,1,1,0,1,'01'
0,1,1,1,0,0,1,1,1,0,'01'
0,1,1,1,0,0,1,1,1,1,'01'
0,1,1,1,0,1,0,0,0,0,'01'
0,1,1,1,0,1,0,0,0,1,'01'
0,1,1,1,0,1,0,0,1,0,'01'
0,1,1,1,0,1,0,0,1,1,'01'
0,1,1,1,0,1,0,1,0,0,'01'
0,1,1,1,0,1,0,1,0,1,'01'
0,1,1,1,0,1,0,1,1,0,'01'
0,1,1,1,0,1,0,1,1,1,'01'
0,1,1,1,0,1,1,0,0,0,'01'
0,1,1,1,0,1,1,0,0,1,'01'
0,1,1,1,0,1,1,0,1,0,'01'
0,1,1,1,0,1,1,0,1,1,'01'
0,1,1,1,0,1,1,1,0,0,'01'
0,1,1,1,0,1,1,1,0,1,'01'
0,1,1,1,0,1,1,1,1,0,'01'
0,1,1,1,0,1,1,1,1,1,'01'
0,1,1,1,1,0,0,0,0,0,'01'
0,1,1,1,1,0,0,0,0,1,'01'
0,1,1,1,1,0,0,0,1,0,'01'
0,1,1,1,1,0,0,0,1,1,'01'
0,1,1,1,1,0,0,1,0,0,'01'
0,1,1,1,1,0,0,1,0,1,'01'
0,1,1,1,1,0,0,1,1,0,'01'
0,1,1,1,1,0,0,1,1,1,'01'
0,1,1,1,1,0,1,0,0,0,'01'
0,1,1,1,1,0,1,0,0,1,'01'
0,1,1,1,1,0,1,0,1,0,'01'
0,1,1,1,1,0,1,0,1,1,'01'
0,1,1,1,1,0,1,1,0,0,'01'
0,1,1,1,1,0,1,1,0,1,'01'
0,1,1,1,1,0,1,1,1,0,'01'
0,1,1,1,1,0,1,1,1,1,'01'
0,1,1,1,1,1,0,0,0,0,'01'
0,1,1,1,1,1,0,0,0,1,'01'
0,1,1,1,1,1,0,0,1,0,'01'
0,1,1,1,1,1,0,0,1,1,'01'
0,1,1,1,1,1,0,1,0,0,'01'
0,1,1,1,1,1,0,1,0,1,'01'
0,1,1,1,1,1,0,1,1,0,'01'
0,1,1,1,1,1,0,1,1,1,'01'
0,1,1,1,1,1,1,0,0,0,'01'
0,1,1,1,1,1,1,0,0,1,'01'
0,1,1,1,1,1,1,0,1,0,'01'
0,1,1,1,1,1,1,0,1,1,'01'
0,1,1,1,1,1,1,1,0,0,'01'
0,1,1,1,1,1,1,1,0,1,'01'
0,1,1,1,1,1,1,1,1,0,'01'
0,1,1,1,1,1,1,1,1,1,'01'
1,0,0,0,0,0,0,0,0,0,'10'
1,0,0,0,0,0,0,0,0,1,'10'
1,0,0,0,0,0,0,0,1,0,'10'
1,0,0,0,0,0,0,0,1,1,'10'
1,0,0,0,0,0,0,1,0,0,'10'
1,0,0,0,0,0,0,1,0,1,'10'
1,0,0,0,0,0,0,1,1,0,'10'
1,0,0,0,0,0,0,1,1,1,'10'
1,0,0,0,0,0,1,0,0,0,'10'
1,0,0,0,0,0,1,0,0,1,'10'
1,0,0,0,0,0,1,0,1,0,'10'
1,0,0,0,0,0,1,0,1,1,'10'
1,0,0,0,0,0,1,1,0,0,'10'
1,0,0,0,0,0,1,1,0,1,'10'
1,0,0,0,0,0,1,1,1,0,'10'
1,0,0,0,0,0,1,1,1,1,'10'
1,0,0,0,0,1,0,0,0,0,'10'
1,0,0,0,0,1,0,0,0,1,'10'
1,0,0,0,0,1,0,0,1,0,'10'
1,0,0,0,0,1,0,0,1,1,'10'
1,0,0,0,0,1,0,1,0,0,'10'
1,0,0,0,0,1,0,1,0,1,'10'
1,0,0,0,0,1,0,1,1,0,'10'
1,0,0,0,0,1,0,1,1,1,'10'
1,0,0,0,0,1,1,0,0,0,'10'
1,0,0,0,0,1,1,0,0,1,'10'
1,0,0,0,0,1,1,0,1,0,'10'
1,0,0,0,0,1,1,0,1,1,'10'
1,0,0,0,0,1,1,1,0,0,'10'
1,0,0,0,0,1,1,1,0,1,'10'
1,0,0,0,0,1,1,1,1,0,'10'
1,0,0,0,0,1,1,1,1,1,'10'
1,0,0,0,1,0,0,0,0,0,'10'
1,0,0,0,1,0,0,0,0,1,'10'
1,0,0,0,1,0,0,0,1,0,'10'
1,0,0,0,1,0,0,0,1,1,'10'
1,0,0,0,1,0,0,1,0,0,'10'
1,0,0,0,1,0,0,1,0,1,'10'
1,0,0,0,1,0,0,1,1,0,'10'
1,0,0,0,1,0,0,1,1,1,'10'
1,0,0,0,1,0,1,0,0,0,'10'
1,0,0,0,1,0,1,0,0,1,'10'
1,0,0,0,1,0,1,0,1,0,'10'
1,0,0,0,1,0,1,0,1,1,'10'
1,0,0,0,1,0,1,1,0,0,'10'
1,0,0,0,1,0,1,1,0,1,'10'
1,0,0,0,1,0,1,1,1,0,'10'
1,0,0,0,1,0,1,1,1,1,'10'
1,0,0,0,1,1,0,0,0,0,'10'
1,0,0,0,1,1,0,0,0,1,'10'
1,0,0,0,1,1,0,0,1,0,'10'
1,0,0,0,1,1,0,0,1,1,'10'
1,0,0,0,1,1,0,1,0,0,'10'
1,0,0,0,1,1,0,1,0,1,'10'
1,0,0,0,1,1,0,1,1,0,'10'
1,0,0,0,1,1,0,1,1,1,'10'
1,0,0,0,1,1,1,0,0,0,'10'
1,0,0,0,1,1,1,0,0,1,'10'
1,0,0,0,1,1,1,0,1,0,'10'
1,0,0,0,1,1,1,0,1,1,'10'
1,0,0,0,1,1,1,1,0,0,'10'
1,0,0,0,1,1,1,1,0,1,'10'
1,0,0,0,1,1,1,1,1,0,'10'
1,0,0,0,1,1,1,1,1,1,'10'
1,0,0,1,0,0,0,0,0,0,'10'
1,0,0,1,0,0,0,0,0,1,'10'
1,0,0,1,0,0,0,0,1,0,'10'
1,0,0,1,0,0,0,0,1,1,'10'
1,0,0,1,0,0,0,1,0,0,'10'
1,0,0,1,0,0,0,1,0,1,'10'
1,0,0,1,0,0,0,1,1,0,'10'
1,0,0,1,0,0,0,1,1,1,'10'
1,0,0,1,0,0,1,0,0,0,'10'
1,0,0,1,0,0,1,0,0,1,'10'
1,0,0,1,0,0,1,0,1,0,'10'
1,0,0,1,0,0,1,0,1,1,'10'
1,0,0,1,0,0,1,1,0,0,'10'
1,0,0,1,0,0,1,1,0,1,'10'
1,0,0,1,0,0,1,1,1,0,'10'
1,0,0,1,0,0,1,1,1,1,'10'
1,0,0,1,0,1,0,0,0,0,'10'
1,0,0,1,0,1,0,0,0,1,'10'
1,0,0,1,0,1,0,0,1,0,'10'
1,0,0,1,0,1,0,0,1,1,'10'
1,0,0,1,0,1,0,1,0,0,'10'
1,0,0,1,0,1,0,1,0,1,'10'
1,0,0,1,0,1,0,1,1,0,'10'
1,0,0,1,0,1,0,1,1,1,'10'
1,0,0,1,0,1,1,0,0,0,'10'
1,0,0,1,0,1,1,0,0,1,'10'
1,0,0,1,0,1,1,0,1,0,'10'
1,0,0,1,0,1,1,0,1,1,'10'
1,0,0,1,0,1,1,1,0,0,'10'
1,0,0,1,0,1,1,1,0,1,'10'
1,0,0,1,0,1,1,1,1,0,'10'
1,0,0,1,0,1,1,1,1,1,'10'
1,0,0,1,1,0,0,0,0,0,'10'
1,0,0,1,1,0,0,0,0,1,'10'
1,0,0,1,1,0,0,0,1,0,'10'
1,0,0,1,1,0,0,0,1,1,'10'
1,0,0,1,1,0,0,1,0,0,'10'
1,0,0,1,1,0,0,1,0,1,'10'
1,0,0,1,1,0,0,1,1,0,'10'
1,0,0,1,1,0,0,1,1,1,'10'
1,0,0,1,1,0,1,0,0,0,'10'
1,0,0,1,1,0,1,0,0,1,'10'
1,0,0,1,1,0,1,0,1,0,'10'
1,0,0,1,1,0,1,0,1,1,'10'
1,0,0,1,1,0,1,1,0,0,'10'
1,0,0,1,1,0,1,1,0,1,'10'
1,0,0,1,1,0,1,1,1,0,'10'
1,0,0,1,1,0,1,1,1,1,'10'
1,0,0,1,1,1,0,0,0,0,'10'
1,0,0,1,1,1,0,0,0,1,'10'
1,0,0,1,1,1,0,0,1,0,'10'
1,0,0,1,1,1,0,0,1,1,'10'
1,0,0,1,1,1,0,1,0,0,'10'
1,0,0,1,1,1,0,1,0,1,'10'
1,0,0,1,1,1,0,1,1,0,'10'
1,0,0,1,1,1,0,1,1,1,'10'
1,0,0,1,1,1,1,0,0,0,'10'
1,0,0,1,1,1,1,0,0,1,'10'
1,0,0,1,1,1,1,0,1,0,'10'
1,0,0,1,1,1,1,0,1,1,'10'
1,0,0,1,1,1,1,1,0,0,'10'
1,0,0,1,1,1,1,1,0,1,'10'
1,0,0,1,1,1,1,1,1,0,'10'
1,0,0,1,1,1,1,1,1,1,'10'
1,0,1,0,0,0,0,0,0,0,'10'
1,0,1,0,0,0,0,0,0,1,'10'
1,0,1,0,0,0,0,0,1,0,'10'
1,0,1,0,0,0,0,0,1,1,'10'
1,0,1,0,0,0,0,1,0,0,'10'
1,0,1,0,0,0,0,1,0,1,'10'
1,0,1,0,0,0,0,1,1,0,'10'
1,0,1,0,0,0,0,1,1,1,'10'
1,0,1,0,0,0,1,0,0,0,'10'
1,0,1,0,0,0,1,0,0,1,'10'
1,0,1,0,0,0,1,0,1,0,'10'
1,0,1,0,0,0,1,0,1,1,'10'
1,0,1,0,0,0,1,1,0,0,'10'
1,0,1,0,0,0,1,1,0,1,'10'
1,0,1,0,0,0,1,1,1,0,'10'
1,0,1,0,0,0,1,1,1,1,'10'
1,0,1,0,0,1,0,0,0,0,'10'
1,0,1,0,0,1,0,0,0,1,'10'
1,0,1,0,0,1,0,0,1,0,'10'
1,0,1,0,0,1,0,0,1,1,'10'
1,0,1,0,0,1,0,1,0,0,'10'
1,0,1,0,0,1,0,1,0,1,'10'
1,0,1,0,0,1,0,1,1,0,'10'
1,0,1,0,0,1,0,1,1,1,'10'
1,0,1,0,0,1,1,0,0,0,'10'
1,0,1,0,0,1,1,0,0,1,'10'
1,0,1,0,0,1,1,0,1,0,'10'
1,0,1,0,0,1,1,0,1,1,'10'
1,0,1,0,0,1,1,1,0,0,'10'
1,0,1,0,0,1,1,1,0,1,'10'
1,0,1,0,0,1,1,1,1,0,'10'
1,0,1,0,0,1,1,1,1,1,'10'
1,0,1,0,1,0,0,0,0,0,'10'
1,0,1,0,1,0,0,0,0,1,'10'
1,0,1,0,1,0,0,0,1,0,'10'
1,0,1,0,1,0,0,0,1,1,'10'
1,0,1,0,1,0,0,1,0,0,'10'
1,0,1,0,1,0,0,1,0,1,'10'
1,0,1,0,1,0,0,1,1,0,'10'
1,0,1,0,1,0,0,1,1,1,'10'
1,0,1,0,1,0,1,0,0,0,'10'
1,0,1,0,1,0,1,0,0,1,'10'
1,0,1,0,1,0,1,0,1,0,'10'
1,0,1,0,1,0,1,0,1,1,'10'
1,0,1,0,1,0,1,1,0,0,'10'
1,0,1,0,1,0,1,1,0,1,'10'
1,0,1,0,1,0,1,1,1,0,'10'
1,0,1,0,1,0,1,1,1,1,'10'
1,0,1,0,1,1,0,0,0,0,'10'
1,0,1,0,1,1,0,0,0,1,'10'
1,0,1,0,1,1,0,0,1,0,'10'
1,0,1,0,1,1,0,0,1,1,'10'
1,0,1,0,1,1,0,1,0,0,'10'
1,0,1,0,1,1,0,1,0,1,'10'
1,0,1,0,1,1,0,1,1,0,'10'
1,0,1,0,1,1,0,1,1,1,'10'
1,0,1,0,1,1,1,0,0,0,'10'
1,0,1,0,1,1,1,0,0,1,'10'
1,0,1,0,1,1,1,0,1,0,'10'
1,0,1,0,1,1,1,0,1,1,'10'
1,0,1,0,1,1,1,1,0,0,'10'
1,0,1,0,1,1,1,1,0,1,'10'
1,0,1,0,1,1,1,1,1,0,'10'
1,0,1,0,1,1,1,1,1,1,'10'
1,0,1,1,0,0,0,0,0,0,'10'
1,0,1,1,0,0,0,0,0,1,'10'
1,0,1,1,0,0,0,0,1,0,'10'
1,0,1,1,0,0,0,0,1,1,'10'
1,0,1,1,0,0,0,1,0,0,'10'
1,0,1,1,0,0,0,1,0,1,'10'
1,0,1,1,0,0,0,1,1,0,'10'
1,0,1,1,0,0,0,1,1,1,'10'
1,0,1,1,0,0,1,0,0,0,'10'
1,0,1,1,0,0,1,0,0,1,'10'
1,0,1,1,0,0,1,0,1,0,'10'
1,0,1,1,0,0,1,0,1,1,'10'
1,0,1,1,0,0,1,1,0,0,'10'
1,0,1,1,0,0,1,1,0,1,'10'
1,0,1,1,0,0,1,1,1,0,'10'
1,0,1,1,0,0,1,1,1,1,'10'
1,0,1,1,0,1,0,0,0,0,'10'
1,0,1,1,0,1,0,0,0,1,'10'
1,0,1,1,0,1,0,0,1,0,'10'
1,0,1,1,0,1,0,0,1,1,'10'
1,0,1,1,0,1,0,1,0,0,'10'
1,0,1,1,0,1,0,1,0,1,'10'
1,0,1,1,0,1,0,1,1,0,'10'
1,0,1,1,0,1,0,1,1,1,'10'
1,0,1,1,0,1,1,0,0,0,'10'
1,0,1,1,0,1,1,0,0,1,'10'
1,0,1,1,0,1,1,0,1,0,'10'
1,0,1,1,0,1,1,0,1,1,'10'
1,0,1,1,0,1,1,1,0,0,'10'
1,0,1,1,0,1,1,1,0,1,'10'
1,0,1,1,0,1,1,1,1,0,'10'
1,0,1,1,0,1,1,1,1,1,'10'
1,0,1,1,1,0,0,0,0,0,'10'
1,0,1,1,1,0,0,0,0,1,'10'
1,0,1,1,1,0,0,0,1,0,'10'
1,0,1,1,1,0,0,0,1,1,'10'
1,0,1,1,1,0,0,1,0,0,'10'
1,0,1,1,1,0,0,1,0,1,'10'
1,0,1,1,1,0,0,1,1,0,'10'
1,0,1,1,1,0,0,1,1,1,'10'
1,0,1,1,1,0,1,0,0,0,'10'
1,0,1,1,1,0,1,0,0,1,'10'
1,0,1,1,1,0,1,0,1,0,'10'
1,0,1,1,1,0,1,0,1,1,'10'
1,0,1,1,1,0,1,1,0,0,'10'
1,0,1,1,1,0,1,1,0,1,'10'
1,0,1,1,1,0,1,1,1,0,'10'
1,0,1,1,1,0,1,1,1,1,'10'
1,0,1,1,1,1,0,0,0,0,'10'
1,0,1,1,1,1,0,0,0,1,'10'
1,0,1,1,1,1,0,0,1,0,'10'
1,0,1,1,1,1,0,0,1,1,'10'
1,0,1,1,1,1,0,1,0,0,'10'
1,0,1,1,1,1,0,1,0,1,'10'
1,0,1,1,1,1,0,1,1,0,'10'
1,0,1,1,1,1,0,1,1,1,'10'
1,0,1,1,1,1,1,0,0,0,'10'
1,0,1,1,1,1,1,0,0,1,'10'
1,0,1,1,1,1,1,0,1,0,'10'
1,0,1,1,1,1,1,0,1,1,'10'
1,0,1,1,1,1,1,1,0,0,'10'
1,0,1,1,1,1,1,1,0,1,'10'
1,0,1,1,1,1,1,1,1,0,'10'
1,0,1,1,1,1,1,1,1,1,'10'
1,1,0,0,0,0,0,0,0,0,'11'
1,1,0,0,0,0,0,0,0,1,'11'
1,1,0,0,0,0,0,0,1,0,'11'
1,1,0,0,0,0,0,0,1,1,'11'
1,1,0,0,0,0,0,1,0,0,'11'
1,1,0,0,0,0,0,1,0,1,'11'
1,1,0,0,0,0,0,1,1,0,'11'
1,1,0,0,0,0,0,1,1,1,'11'
1,1,0,0,0,0,1,0,0,0,'11'
1,1,0,0,0,0,1,0,0,1,'11'
1,1,0,0,0,0,1,0,1,0,'11'
1,1,0,0,0,0,1,0,1,1,'11'
1,1,0,0,0,0,1,1,0,0,'11'
1,1,0,0,0,0,1,1,0,1,'11'
1,1,0,0,0,0,1,1,1,0,'11'
1,1,0,0,0,0,1,1,1,1,'11'
1,1,0,0,0,1,0,0,0,0,'11'
1,1,0,0,0,1,0,0,0,1,'11'
1,1,0,0,0,1,0,0,1,0,'11'
1,1,0,0,0,1,0,0,1,1,'11'
1,1,0,0,0,1,0,1,0,0,'11'
1,1,0,0,0,1,0,1,0,1,'11'
1,1,0,0,0,1,0,1,1,0,'11'
1,1,0,0,0,1,0,1,1,1,'11'
1,1,0,0,0,1,1,0,0,0,'11'
1,1,0,0,0,1,1,0,0,1,'11'
1,1,0,0,0,1,1,0,1,0,'11'
1,1,0,0,0,1,1,0,1,1,'11'
1,1,0,0,0,1,1,1,0,0,'11'
1,1,0,0,0,1,1,1,0,1,'11'
1,1,0,0,0,1,1,1,1,0,'11'
1,1,0,0,0,1,1,1,1,1,'11'
1,1,0,0,1,0,0,0,0,0,'11'
1,1,0,0,1,0,0,0,0,1,'11'
1,1,0,0,1,0,0,0,1,0,'11'
1,1,0,0,1,0,0,0,1,1,'11'
1,1,0,0,1,0,0,1,0,0,'11'
1,1,0,0,1,0,0,1,0,1,'11'
1,1,0,0,1,0,0,1,1,0,'11'
1,1,0,0,1,0,0,1,1,1,'11'
1,1,0,0,1,0,1,0,0,0,'11'
1,1,0,0,1,0,1,0,0,1,'11'
1,1,0,0,1,0,1,0,1,0,'11'
1,1,0,0,1,0,1,0,1,1,'11'
1,1,0,0,1,0,1,1,0,0,'11'
1,1,0,0,1,0,1,1,0,1,'11'
1,1,0,0,1,0,1,1,1,0,'11'
1,1,0,0,1,0,1,1,1,1,'11'
1,1,0,0,1,1,0,0,0,0,'11'
1,1,0,0,1,1,0,0,0,1,'11'
1,1,0,0,1,1,0,0,1,0,'11'
1,1,0,0,1,1,0,0,1,1,'11'
1,1,0,0,1,1,0,1,0,0,'11'
1,1,0,0,1,1,0,1,0,1,'11'
1,1,0,0,1,1,0,1,1,0,'11'
1,1,0,0,1,1,0,1,1,1,'11'
1,1,0,0,1,1,1,0,0,0,'11'
1,1,0,0,1,1,1,0,0,1,'11'
1,1,0,0,1,1,1,0,1,0,'11'
1,1,0,0,1,1,1,0,1,1,'11'
1,1,0,0,1,1,1,1,0,0,'11'
1,1,0,0,1,1,1,1,0,1,'11'
1,1,0,0,1,1,1,1,1,0,'11'
1,1,0,0,1,1,1,1,1,1,'11'
1,1,0,1,0,0,0,0,0,0,'11'
1,1,0,1,0,0,0,0,0,1,'11'
1,1,0,1,0,0,0,0,1,0,'11'
1,1,0,1,0,0,0,0,1,1,'11'
1,1,0,1,0,0,0,1,0,0,'11'
1,1,0,1,0,0,0,1,0,1,'11'
1,1,0,1,0,0,0,1,1,0,'11'
1,1,0,1,0,0,0,1,1,1,'11'
1,1,0,1,0,0,1,0,0,0,'11'
1,1,0,1,0,0,1,0,0,1,'11'
1,1,0,1,0,0,1,0,1,0,'11'
1,1,0,1,0,0,1,0,1,1,'11'
1,1,0,1,0,0,1,1,0,0,'11'
1,1,0,1,0,0,1,1,0,1,'11'
1,1,0,1,0,0,1,1,1,0,'11'
1,1,0,1,0,0,1,1,1,1,'11'
1,1,0,1,0,1,0,0,0,0,'11'
1,1,0,1,0,1,0,0,0,1,'11'
1,1,0,1,0,1,0,0,1,0,'11'
1,1,0,1,0,1,0,0,1,1,'11'
1,1,0,1,0,1,0,1,0,0,'11'
1,1,0,1,0,1,0,1,0,1,'11'
1,1,0,1,0,1,0,1,1,0,'11'
1,1,0,1,0,1,0,1,1,1,'11'
1,1,0,1,0,1,1,0,0,0,'11'
1,1,0,1,0,1,1,0,0,1,'11'
1,1,0,1,0,1,1,0,1,0,'11'
1,1,0,1,0,1,1,0,1,1,'11'
1,1,0,1,0,1,1,1,0,0,'11'
1,1,0,1,0,1,1,1,0,1,'11'
1,1,0,1,0,1,1,1,1,0,'11'
1,1,0,1,0,1,1,1,1,1,'11'
1,1,0,1,1,0,0,0,0,0,'11'
1,1,0,1,1,0,0,0,0,1,'11'
1,1,0,1,1,0,0,0,1,0,'11'
1,1,0,1,1,0,0,0,1,1,'11'
1,1,0,1,1,0,0,1,0,0,'11'
1,1,0,1,1,0,0,1,0,1,'11'
1,1,0,1,1,0,0,1,1,0,'11'
1,1,0,1,1,0,0,1,1,1,'11'
1,1,0,1,1,0,1,0,0,0,'11'
1,1,0,1,1,0,1,0,0,1,'11'
1,1,0,1,1,0,1,0,1,0,'11'
1,1,0,1,1,0,1,0,1,1,'11'
1,1,0,1,1,0,1,1,0,0,'11'
1,1,0,1,1,0,1,1,0,1,'11'
1,1,0,1,1,0,1,1,1,0,'11'
1,1,0,1,1,0,1,1,1,1,'11'
1,1,0,1,1,1,0,0,0,0,'11'
1,1,0,1,1,1,0,0,0,1,'11'
1,1,0,1,1,1,0,0,1,0,'11'
1,1,0,1,1,1,0,0,1,1,'11'
1,1,0,1,1,1,0,1,0,0,'11'
1,1,0,1,1,1,0,1,0,1,'11'
1,1,0,1,1,1,0,1,1,0,'11'
1,1,0,1,1,1,0,1,1,1,'11'
1,1,0,1,1,1,1,0,0,0,'11'
1,1,0,1,1,1,1,0,0,1,'11'
1,1,0,1,1,1,1,0,1,0,'11'
1,1,0,1,1,1,1,0,1,1,'11'
1,1,0,1,1,1,1,1,0,0,'11'
1,1,0,1,1,1,1,1,0,1,'11'
1,1,0,1,1,1,1,1,1,0,'11'
1,1,0,1,1,1,1,1,1,1,'11'
1,1,1,0,0,0,0,0,0,0,'11'
1,1,1,0,0,0,0,0,0,1,'11'
1,1,1,0,0,0,0,0,1,0,'11'
1,1,1,0,0,0,0,0,1,1,'11'
1,1,1,0,0,0,0,1,0,0,'11'
1,1,1,0,0,0,0,1,0,1,'11'
1,1,1,0,0,0,0,1,1,0,'11'
1,1,1,0,0,0,0,1,1,1,'11'
1,1,1,0,0,0,1,0,0,0,'11'
1,1,1,0,0,0,1,0,0,1,'11'
1,1,1,0,0,0,1,0,1,0,'11'
1,1,1,0,0,0,1,0,1,1,'11'
1,1,1,0,0,0,1,1,0,0,'11'
1,1,1,0,0,0,1,1,0,1,'11'
1,1,1,0,0,0,1,1,1,0,'11'
1,1,1,0,0,0,1,1,1,1,'11'
1,1,1,0,0,1,0,0,0,0,'11'
1,1,1,0,0,1,0,0,0,1,'11'
1,1,1,0,0,1,0,0,1,0,'11'
1,1,1,0,0,1,0,0,1,1,'11'
1,1,1,0,0,1,0,1,0,0,'11'
1,1,1,0,0,1,0,1,0,1,'11'
1,1,1,0,0,1,0,1,1,0,'11'
1,1,1,0,0,1,0,1,1,1,'11'
1,1,1,0,0,1,1,0,0,0,'11'
1,1,1,0,0,1,1,0,0,1,'11'
1,1,1,0,0,1,1,0,1,0,'11'
1,1,1,0,0,1,1,0,1,1,'11'
1,1,1,0,0,1,1,1,0,0,'11'
1,1,1,0,0,1,1,1,0,1,'11'
1,1,1,0,0,1,1,1,1,0,'11'
1,1,1,0,0,1,1,1,1,1,'11'
1,1,1,0,1,0,0,0,0,0,'11'
1,1,1,0,1,0,0,0,0,1,'11'
1,1,1,0,1,0,0,0,1,0,'11'
1,1,1,0,1,0,0,0,1,1,'11'
1,1,1,0,1,0,0,1,0,0,'11'
1,1,1,0,1,0,0,1,0,1,'11'
1,1,1,0,1,0,0,1,1,0,'11'
1,1,1,0,1,0,0,1,1,1,'11'
1,1,1,0,1,0,1,0,0,0,'11'
1,1,1,0,1,0,1,0,0,1,'11'
1,1,1,0,1,0,1,0,1,0,'11'
1,1,1,0,1,0,1,0,1,1,'11'
1,1,1,0,1,0,1,1,0,0,'11'
1,1,1,0,1,0,1,1,0,1,'11'
1,1,1,0,1,0,1,1,1,0,'11'
1,1,1,0,1,0,1,1,1,1,'11'
1,1,1,0,1,1,0,0,0,0,'11'
1,1,1,0,1,1,0,0,0,1,'11'
1,1,1,0,1,1,0,0,1,0,'11'
1,1,1,0,1,1,0,0,1,1,'11'
1,1,1,0,1,1,0,1,0,0,'11'
1,1,1,0,1,1,0,1,0,1,'11'
1,1,1,0,1,1,0,1,1,0,'11'
1,1,1,0,1,1,0,1,1,1,'11'
1,1,1,0,1,1,1,0,0,0,'11'
1,1,1,0,1,1,1,0,0,1,'11'
1,1,1,0,1,1,1,0,1,0,'11'
1,1,1,0,1,1,1,0,1,1,'11'
1,1,1,0,1,1,1,1,0,0,'11'
1,1,1,0,1,1,1,1,0,1,'11'
1,1,1,0,1,1,1,1,1,0,'11'
1,1,1,0,1,1,1,1,1,1,'11'
1,1,1,1,0,0,0,0,0,0,'11'
1,1,1,1,0,0,0,0,0,1,'11'
1,1,1,1,0,0,0,0,1,0,'11'
1,1,1,1,0,0,0,0,1,1,'11'
1,1,1,1,0,0,0,1,0,0,'11'
1,1,1,1,0,0,0,1,0,1,'11'
1,1,1,1,0,0,0,1,1,0,'11'
1,1,1,1,0,0,0,1,1,1,'11'
1,1,1,1,0,0,1,0,0,0,'11'
1,1,1,1,0,0,1,0,0,1,'11'
1,1,1,1,0,0,1,0,1,0,'11'
1,1,1,1,0,0,1,0,1,1,'11'
1,1,1,1,0,0,1,1,0,0,'11'
1,1,1,1,0,0,1,1,0,1,'11'
1,1,1,1,0,0,1,1,1,0,'11'
1,1,1,1,0,0,1,1,1,1,'11'
1,1,1,1,0,1,0,0,0,0,'11'
1,1,1,1,0,1,0,0,0,1,'11'
1,1,1,1,0,1,0,0,1,0,'11'
1,1,1,1,0,1,0,0,1,1,'11'
1,1,1,1,0,1,0,1,0,0,'11'
1,1,1,1,0,1,0,1,0,1,'11'
1,1,1,1,0,1,0,1,1,0,'11'
1,1,1,1,0,1,0,1,1,1,'11'
1,1,1,1,0,1,1,0,0,0,'11'
1,1,1,1,0,1,1,0,0,1,'11'
1,1,1,1,0,1,1,0,1,0,'11'
1,1,1,1,0,1,1,0,1,1,'11'
1,1,1,1,0,1,1,1,0,0,'11'
1,1,1,1,0,1,1,1,0,1,'11'
1,1,1,1,0,1,1,1,1,0,'11'
1,1,1,1,0,1,1,1,1,1,'11'
1,1,1,1,1,0,0,0,0,0,'11'
1,1,1,1,1,0,0,0,0,1,'11'
1,1,1,1,1,0,0,0,1,0,'11'
1,1,1,1,1,0,0,0,1,1,'11'
1,1,1,1,1,0,0,1,0,0,'11'
1,1,1,1,1,0,0,1,0,1,'11'
1,1,1,1,1,0,0,1,1,0,'11'
1,1,1,1,1,0,0,1,1,1,'11'
1,1,1,1,1,0,1,0,0,0,'11'
1,1,1,1,1,0,1,0,0,1,'11'
1,1,1,1,1,0,1,0,1,0,'11'
1,1,1,1,1,0,1,0,1,1,'11'
1,1,1,1,1,0,1,1,0,0,'11'
1,1,1,1,1,0,1,1,0,1,'11'
1,1,1,1,1,0,1,1,1,0,'11'
1,1,1,1,1,0,1,1,1,1,'11'
1,1,1,1,1,1,0,0,0,0,'11'
1,1,1,1,1,1,0,0,0,1,'11'
1,1,1,1,1,1,0,0,1,0,'11'
1,1,1,1,1,1,0,0,1,1,'11'
1,1,1,1,1,1,0,1,0,0,'11'
1,1,1,1,1,1,0,1,0,1,'11'
1,1,1,1,1,1,0,1,1,0,'11'
1,1,1,1,1,1,0,1,1,1,'11'
1,1,1,1,1,1,1,0,0,0,'11'
1,1,1,1,1,1,1,0,0,1,'11'
1,1,1,1,1,1,1,0,1,0,'11'
1,1,1,1,1,1,1,0,1,1,'11'
1,1,1,1,1,1,1,1,0,0,'11'
1,1,1,1,1,1,1,1,0,1,'11'
1,1,1,1,1,1,1,1,1,0,'11'
1,1,1,1,1,1,1,1,1,1,'11'
